﻿Designator,Footprint,Quantity,Value,LCSC Part #
C1,C_Disc_D16.0mm_W5.0mm_P7.50mm,1,10n/3000V,
"C10, C11, C14, C15, C9",C_Disc_D16.0mm_W5.0mm_P7.50mm,5,10n,
"C12, C18, C26",0603,3,100n,https://www.lcsc.com/product-detail/Multilayer-Ceramic-Capacitors-MLCC-SMD-SMT_HRE-CGA0603X7R104K500JT_C6119867.html
"C13, C17, C27, C28, C29, C30, C31, C32",0603,8,1u,https://www.lcsc.com/product-detail/Multilayer-Ceramic-Capacitors-MLCC-SMD-SMT_Samsung-Electro-Mechanics-CL10A105KB8NNNC_C15849.html
"C16, C4",CP_Elec_10x10.5,2,1000u,https://www.lcsc.com/product-detail/Aluminum-Electrolytic-Capacitors-SMD_ROQANG-CS1C102M-CRG10_C5162355.html
"C19, C2, C20, C21, C3, C6, C7",CP_Elec_4x5.4,7,10u,https://www.lcsc.com/product-detail/Aluminum-Electrolytic-Capacitors-SMD_ROQANG-RVT1V100M0405_C72485.html
"C22, C23, C24, C25",0603,4,20p,https://www.lcsc.com/product-detail/Multilayer-Ceramic-Capacitors-MLCC-SMD-SMT_YAGEO-CC0603JRNPO9BN200_C105621.html
C5,0805,1,10u,https://www.lcsc.com/product-detail/Multilayer-Ceramic-Capacitors-MLCC-SMD-SMT_Samsung-Electro-Mechanics-CL21A106KOQNNNE_C1713.html
C8,0603,1,10n,https://www.lcsc.com/product-detail/Multilayer-Ceramic-Capacitors-MLCC-SMD-SMT_YAGEO-CC0603KRX7R9BB104_C14663.html
D1,D_A-405_P12.70mm_Horizontal,1,2CL71A,
"D2, D3, D5, D6",D_SOD-523,4,D_Schottky,https://www.lcsc.com/product-detail/Schottky-Diodes_onsemi-RB521S30T1G_C145179.html?s_z=s_Diodes%7CSchottky%20Diodes
"FB1, FB2, FB3, FB4",1210,4,620Ω@1MHz,https://www.lcsc.com/product-detail/Ferrite-Beads_Murata-Electronics-NFZ32BW621HN10L_C2661807.html
J1,Amphenol_USB_B,1,USB_B,
"J10, J4",PinHeader_1x04_P2.54mm_Vertical,2,Conn_01x04,
"J2, J7",PinHeader_1x02_P2.54mm_Vertical,2,Conn_01x02,
"J3, J8",PinHeader_1x03_P2.54mm_Vertical,2,Conn_01x03,
J6,PinHeader_1x02_P2.54mm_Vertical,1,~,
J9,PinHeader_1x01_P2.54mm_Vertical,1,Conn_01x01,
Q1,TO-252-2,1,15N10,https://www.lcsc.com/product-detail/MOSFETs_UMW-Youtai-Semiconductor-Co-Ltd-15N10_C359106.html
"Q2, Q3, Q5, Q6, Q7",SOT-23,5,S8050,https://www.lcsc.com/product-detail/Bipolar-BJT_Guangdong-Hottech-S8050_C181158.html
Q4,SOT-23,1,AO401,https://www.lcsc.com/product-detail/MOSFETs_TWGMC-AO3401_C727156.html
"R19, R35, R36, R38, R39, R40, R8",0603,7,1k,https://www.lcsc.com/product-detail/Chip-Resistor-Surface-Mount_UNI-ROYAL-Uniroyal-Elec-0603WAF1001T5E_C21190.html
"R20, R5",0603,2,10k,https://www.lcsc.com/product-detail/Chip-Resistor-Surface-Mount_UNI-ROYAL-Uniroyal-Elec-0603WAF1002T5E_C25804.html
"R21, R23, R37, R4",1812,4,330R,https://www.lcsc.com/product-detail/Chip-Resistor-Surface-Mount_FOJAN-FRC1812J331-TS_C2933950.html
"R22, R3",0805,2,47k,https://www.lcsc.com/product-detail/Chip-Resistor-Surface-Mount_LIZ-Elec-CR0805J80473G_C102018.html
R24,0603,1,9k1,https://www.lcsc.com/product-detail/Chip-Resistor-Surface-Mount_UNI-ROYAL-Uniroyal-Elec-0603WAF9101T5E_C23260.html
"R25, R26, R27, R28, R31, R32, R33, R34",1206,8,1M,https://www.lcsc.com/product-detail/Chip-Resistor-Surface-Mount_BOURNS-CHV1206-FX-1004ELF_C2075184.html
R29,0603,1,100k,https://www.lcsc.com/product-detail/Chip-Resistor-Surface-Mount_YAGEO-RC0603FR-07100KL_C14675.html
R30,2010,1,47R,https://www.lcsc.com/product-detail/Chip-Resistor-Surface-Mount_FOJAN-FRC2010J470-TS_C2960940.html
T1,15kV_Transformer,1,24:1800,
U1,SOIC-8_3.9x4.9mm_P1.27mm,1,ICL7660,https://www.lcsc.com/product-detail/Charge-Pumps_RENESAS-ICL7660AIBAZA-T_C7881.html?s_z=n_ICL7660
U3,SOIC-8_3.9x4.9mm_P1.27mm,1,LM358,https://www.lcsc.com/product-detail/Operational-Amplifier_Texas-Instruments-LM358DR_C5423.html?s_z=n_LM358
U4,LQFP-48_7x7mm_P0.5mm,1,STM32F103C8Tx,https://www.lcsc.com/product-detail/Microcontrollers-MCU-MPU-SOC_STMicroelectronics-STM32F103C8T6_C8734.html?s_z=n_STM32F103C8T6
U5,SOT-23-6,1,USBLC6-2SC6,https://www.lcsc.com/product-detail/ESD-and-Surge-Protection-TVS-ESD_TECH-PUBLIC-USBLC6-2SC6_C2827654.html?s_z=n_USBLC6
U6,SOT-223-3_TabPin2,1,AMS1117-3.3,https://www.lcsc.com/product-detail/Voltage-Regulators-Linear-Low-Drop-Out-LDO-Regulators_UMW-Youtai-Semiconductor-Co-Ltd-AMS1117-3-3_C347222.html
"U7, U8, U9",SOIC-8_3.9x4.9mm_P1.27mm,3,LM318N,https://www.lcsc.com/product-detail/Operational-Amplifier_Texas-Instruments-LM318D_C1347395.html?s_z=n_LM318
Y1,Crystal_SMD_SeikoEpson_MC306-4Pin_8.0x3.2mm,1,32.768kHz,https://www.lcsc.com/product-detail/Crystals_Seiko-Epson-Q13MC30610003_C16320.html
Y2,Crystal_SMD_HC49-SD,1,8MHz,https://www.lcsc.com/product-detail/Crystals_YXC-Crystal-Oscillators-X49SM8MSD2SC_C12674.html
